Mach,"Rec, million",alpha,CL,CD,CM
0.85,5,0,0.17783,0.01874,0.05477
0.85,5,1,0.31918,0.02127,0.00446
0.85,5,1.5,0.39074,0.02323,-0.01814
0.85,5,2,0.46611,0.02585,-0.03992
0.85,5,2.5,0.54239,0.02995,-0.06249
0.85,5,3,0.60689,0.03601,-0.07560
0.85,5,3.5,0.65109,0.04348,-0.07092
0.85,5,4,0.68657,0.05195,-0.05971
0.85,5,4.5,0.70655,0.05926,-0.07213
0.85,5,5,0.73105,0.06842,-0.06316
